{
  "max_altitude_m": 2262.92236328125,
  "max_q_pa": 34397.7265625,
  "max_g_load": 5.097229893845159,
  "apogee_time_s": 39.29356002807617,
  "time_to_burnout_s": NaN,
  "total_downrange_m": 1786.34765625,
  "crash": false,
  "hard_violation": false,
  "success": false,
  "terminal_altitude_m": 2262.9073861118463,
  "terminal_vx_mps": -31.418396253185758,
  "terminal_vz_mps": -0.29191367569312654,
  "terminal_flight_path_angle_deg": -0.5301254694325749,
  "fuel_used_fraction": 1.0
}