{
  "max_altitude_m": -0.024516625329852104,
  "max_q_pa": 11.926779747009277,
  "apogee_time_s": 0.05000000074505806,
  "time_to_burnout_s": NaN,
  "total_downrange_m": 0.0,
  "crash": true,
  "success": false
}