{
  "max_altitude_m": 3585.0087890625,
  "max_q_pa": 34731.13671875,
  "max_g_load": 7.463402876160319,
  "apogee_time_s": 38.7263298034668,
  "time_to_burnout_s": NaN,
  "total_downrange_m": 457.7154235839844,
  "crash": true,
  "hard_violation": false,
  "success": false,
  "terminal_altitude_m": -10.606945786566525,
  "terminal_vx_mps": -46.901563265103306,
  "terminal_vz_mps": -210.37630388623586,
  "terminal_flight_path_angle_deg": -77.41274712816684,
  "fuel_used_fraction": 1.0
}